sample	index	index_length	sample_number
group1	AACGTGAT	8	S1
group2	AAACATCG	8	S1
group3	ATGCCTAA	8	S1
group4	AGTGGTCA	8	S1
group5	ACCACTGT	8	S1
group6	ACATTGGC	8	S1
group7	CAGATCTG	8	S1
group8	CATCAAGT	8	S1
group9	CGCTGATC	8	S1
group10	ACAAGCTA	8	S1
group11	CTGTAGCC	8	S1
group12	AGTACAAG	8	S1
group13	AAAGAA	6	S1
group14	AACAGC	6	S1
group15	AACGTG	6	S1
group16	CAACCG	6	S1
group17	CAAGTC	6	S1
group18	CACCAC	6	S1
group19	GAAATA	6	S1
group20	GAAGGG	6	S1
group21	GACTCG	6	S1
group22	TAAGCT	6	S1
group23	TAATAG	6	S1
group24	TACCGA	6	S1
